<?xml version="1.0" encoding="UTF-8"?>
<!DOCTYPE hibernate-mapping PUBLIC "-//Hibernate/Hibernate Mapping DTD 3.0//EN" "http://hibernate.sourceforge.net/hibernate-mapping-3.0.dtd">
<hibernate-mapping>
   <class name="com.pojo.chat" table="CHAT">
      <id name="id" type="int">   
       <column name="id" />      
         <generator class="native" />
      </id>
     
      
      <property name="username" type="java.lang.String">
         <column name="username" />
      </property>
      
      <property name="docname" type="java.lang.String">
         <column name="doc_id" />
      </property>
      <property name="msg" type="java.lang.String">
         <column name="msg" />
      </property>
      
   </class>
</hibernate-mapping>