<?xml version="1.0" encoding="UTF-8"?>
<!DOCTYPE hibernate-mapping PUBLIC "-//Hibernate/Hibernate Mapping DTD 3.0//EN" "http://hibernate.sourceforge.net/hibernate-mapping-3.0.dtd">
<hibernate-mapping>
   <class name="com.pojo.patient" >
      <id name="id" type="int">
         <column name="user_id" />
         <generator class="native" />
      </id>
      <property name="name" type="java.lang.String">
         <column name="name" />
      </property>
    <property name="hospitalName" type="java.lang.String">
         <column name="hospital_name" />
      </property>
      <property name="age" type="int">
         <column name="age" />
      </property>
       <property name="gender" type="java.lang.String">
         <column name="gender" />
      </property>
      <property name="mobile" type="java.lang.String">
         <column name="contact_no" />
      </property>
      <property name="facilityRequired" type="java.lang.String">
         <column name="facility_required" />
      </property>
      <property name="city" type="java.lang.String">
         <column name="city" />
      </property>
      <property name="username" type="java.lang.String">
         <column name="username" />
      </property>
      <property name="docname" type="java.lang.String">
         <column name="doc_name" />
      </property>
      <property name="date" type="java.lang.String">
         <column name="date" />
      </property>
   </class>
</hibernate-mapping>