<?xml version="1.0" encoding="UTF-8"?>
<!DOCTYPE hibernate-mapping PUBLIC "-//Hibernate/Hibernate Mapping DTD 3.0//EN" "http://hibernate.sourceforge.net/hibernate-mapping-3.0.dtd">
<hibernate-mapping>
   <class name="com.pojo.User" table="USER">
      <id name="id" type="int">
         <column name="user_id" />
         <generator class="native" />
      </id>
      <property name="firstName" type="java.lang.String">
         <column name="first_name" />
      </property>
      <property name="lastName" type="java.lang.String">
         <column name="last_name" />
      </property>
      <property name="age" type="java.lang.String">
         <column name="age" />
      </property>
      <property name="mobile" type="java.lang.String">
         <column name="contact_no" />
      </property>
      <property name="gender" type="java.lang.String">
         <column name="gender" />
      </property>
      <property name="email" type="java.lang.String">
         <column name="email" />
      </property>
      <property name="name" type="java.lang.String">
         <column name="user_name" />
      </property>
      <property name="password" type="java.lang.String">
         <column name="user_password" />
      </property>
     <property name="status" type="java.lang.String">
         <column name="status" default="Inactive"/>
      </property>
   </class>
</hibernate-mapping>