<?xml version="1.0" encoding="UTF-8"?>
<!DOCTYPE hibernate-mapping PUBLIC "-//Hibernate/Hibernate Mapping DTD 3.0//EN" "http://hibernate.sourceforge.net/hibernate-mapping-3.0.dtd">
<hibernate-mapping>
   <class name="com.pojo.doctor" table="DOCTOR">
      <id name="id" type="int">
         <column name="user_id" />
         <generator class="native" />
      </id>
      <property name="firstName" type="java.lang.String">
         <column name="first_name" />
      </property>
      <property name="lastName" type="java.lang.String">
         <column name="last_name" />
      </property>
      <property name="age" type="int">
         <column name="age" />
      </property>
      <property name="mobile" type="java.lang.String">
         <column name="contact_no" />
      </property>
      <property name="specialization" type="java.lang.String">
         <column name="specialization" />
      </property>
      <property name="clinic" type="java.lang.String">
         <column name="clinic" />
      </property>
      <property name="practice" type="int">
         <column name="practice" />
      </property>
      <property name="email" type="java.lang.String">
         <column name="email" />
      </property>
      <property name="name" type="java.lang.String">
         <column name="user_name" />
      </property>
      <property name="password" type="java.lang.String">
         <column name="user_password" />
      </property>
      <property name="image" type="java.lang.String">
         <column name="image" />
      </property>
   </class>
</hibernate-mapping>